Source;Target;Type;Label;Weight
[H]Las Vegas;[C]Dorset;directed;1466.84;1.041726119360528
[H]Portland;[C]Dorset;directed;436.16;1.0124071229447573
[H]Austin;[C]Grapevine;directed;154.98;1.0044086021505376
[H]Coral Gables;[C]Grapevine;directed;148.37;1.004220572338852
[H]Las Vegas;[C]Grapevine;directed;3077.68;1.0875485008818342
[H]Morro Bay;[C]Grapevine;directed;100.17;1.0028494623655915
[H]Oahu, Honolulu;[C]Grapevine;directed;172.94;1.0049194970700348
[H]Sterling;[C]Hong Kong Sar;directed;56.12;1.0015964043921033
[H]Tucson;[C]Hong Kong Sar;directed;92.92;1.0026432269443022
[H]Bangor;[C]Meads Bay;directed;94.09;1.0026765090743586
[H]Dallas;[C]Meads Bay;directed;496.64;1.0141275530522842
[H]Durham;[C]Meads Bay;directed;96.03;1.002731694828469
[H]Jekyll Island;[C]Meads Bay;directed;207.58;1.005904875689822
[H]Las Cruces;[C]Meads Bay;directed;360.84;1.0102645502645502
[H]New York;[C]Meads Bay;directed;1161.09;1.0330286738351255
[H]Philadelphia;[C]Meads Bay;directed;426.8;1.0121408659043067
[H]Primm;[C]Meads Bay;directed;355.02;1.0100989930022188
[H]Richmond;[C]Meads Bay;directed;234.74;1.0066774762473687
[H]San Antonio;[C]Meads Bay;directed;118.34;1.0033663310007397
[H]Uniondale;[C]Meads Bay;directed;121.25;1.0034491096319054
[H]Phoenix;[C]Middlesex;directed;109.98;1.0031285202252944
[H]New York;[C]Moscow;directed;91.18;1.0025937304431929
[H]Monument Valley;[C]Orlando;directed;125.44;1.0035682994822779
[H]Chattanooga;[C]Port of Spain;directed;685.26;1.0194930875576036
[H]Jacksonville;[C]Port of Spain;directed;66.74;1.0018985037264607
[H]Bessemer;[C]San Francisco;directed;95.37;1.0027129202935654
[H]Charlotte;[C]San Francisco;directed;113.14;1.0032184104227115
[H]Duncanville;[C]San Francisco;directed;80.41;1.0022873641690846
[H]Fort Worth;[C]San Francisco;directed;116.88;1.0033247994538317
[H]Glenn Ellen;[C]San Francisco;directed;95.37;1.0027129202935654
[H]Las Vegas;[C]San Francisco;directed;6490.67;1.1846353188826306
[H]Lawndale;[C]San Francisco;directed;77.61;1.0022077146270694
[H]Miami Beach;[C]San Francisco;directed;319.77;1.0090962621607782
[H]Myrtle Beach;[C]San Francisco;directed;88.83;1.00252688172043
[H]Naples;[C]San Francisco;directed;523.6;1.0148944643568298
[H]National City;[C]San Francisco;directed;85.09;1.0024204926893099
[H]North Las Vegas;[C]San Francisco;directed;73.87;1.0021013255959492
[H]Orlando;[C]San Francisco;directed;656.4;1.0186721283495477
[H]Sarasota;[C]San Francisco;directed;701.28;1.0199487967229903
[H]Southbury;[C]San Francisco;directed;92.57;1.0026332707515504
[H]Towson;[C]San Francisco;directed;62.65;1.0017821585025886
[H]Tucumcari;[C]San Francisco;directed;74.8;1.0021277806224043
[H]Boca Raton;[C]Singapore;directed;297.6;1.0084656084656085
[H]Bryce Canyon;[C]Singapore;directed;85.56;1.0024338624338625
[H]Westminster;[C]Singapore;directed;70.68;1.002010582010582
[H]Las Vegas;[C]Coral Gables;directed;117.8;1.0033509700176366
[H]Gretna;[C]Dhaka;directed;97.76;1.0027809068669284
[H]Las Vegas;[C]Dhaka;directed;211.5;1.0060163850486432
[H]Naples;[C]Dorset;directed;3635.92;1.1034283438584513
[H]Las Vegas;[C]Dubai;directed;258.54;1.0073544973544974
[H]Fort Lauderdale;[C]Grapevine;directed;370.44;1.0105376344086021
[H]Irving;[C]Grapevine;directed;185.22;1.0052688172043012
[H]Las Vegas;[C]Grapevine;directed;544.82;1.0154980941002447
[H]Newark;[C]Grapevine;directed;519.75;1.0147849462365592
[H]Orlando;[C]Grapevine;directed;650.16;1.018494623655914
[H]Philadelphia;[C]Grapevine;directed;104.9;1.002984013199067
[H]South San Francisco;[C]Grapevine;directed;82.22;1.0023388519087444
[H]El Paso;[C]Hong Kong Sar;directed;86.48;1.0024600329976674
[H]Fort Worth;[C]Hong Kong Sar;directed;103.04;1.002931103146157
[H]Portland;[C]Hong Kong Sar;directed;94.76;1.002695568071912
[H]Salt Lake City;[C]Hong Kong Sar;directed;93.84;1.0026693975081071
[H]Atlanta;[C]Meads Bay;directed;419.04;1.011920122887865
[H]Baltimore;[C]Meads Bay;directed;77.6;1.0022074301644195
[H]Birmingham;[C]Meads Bay;directed;98.94;1.0028144734596347
[H]Brooklyn;[C]Meads Bay;directed;158.11;1.0044976389600047
[H]Clearwater Beach;[C]Meads Bay;directed;832.26;1.0236746885133983
[H]Dallas;[C]Meads Bay;directed;1808.08;1.0514331228309723
[H]Detroit;[C]Meads Bay;directed;181.39;1.0051598680093303
[H]Jersey City;[C]Meads Bay;directed;130.95;1.0037250384024579
[H]Long Beach;[C]Meads Bay;directed;272.57;1.0077535984525232
[H]Naples;[C]Meads Bay;directed;1184.37;1.0336909028844512
[H]Orlando;[C]Meads Bay;directed;90.21;1.0025661375661377
[H]Primm;[C]Meads Bay;directed;71.78;1.002041872902088
[H]San Antonio;[C]Meads Bay;directed;118.34;1.0033663310007397
[H]San Francisco;[C]Meads Bay;directed;207.58;1.005904875689822
[H]Spartanburg;[C]Meads Bay;directed;104.76;1.0029800307219663
[H]Tallahassee;[C]Meads Bay;directed;525.74;1.0149553393639414
[H]The Woodlands;[C]Meads Bay;directed;225.04;1.0064015474768162
[H]Tucson;[C]Meads Bay;directed;67.9;1.001931501393867
[H]Austin;[C]Montevideo;directed;88.36;1.0025135119758775
[H]Casa Grande;[C]Montevideo;directed;1473.92;1.0419275189167663
[H]Greenville;[C]Montevideo;directed;79.9;1.0022728565739318
[H]Las Vegas;[C]Moscow;directed;58.83;1.001673493770268
[H]Los Angeles;[C]Moscow;directed;302.68;1.0086101154918359
[H]Valdosta;[C]New York City;directed;96.9;1.0027564430790237
[H]Las Vegas;[C]Orlando;directed;35.25;1.0010027308414404
[H]Nashville;[C]Orlando;directed;74.2;1.002110712863401
[H]New York;[C]Orlando;directed;98.98;1.0028156113102349
[H]Williams;[C]Orlando;directed;215.6;1.0061330147351653
[H]Las Vegas;[C]Port of Spain;directed;1884.1;1.0535956078966833
[H]Asheville;[C]San Francisco;directed;118.75;1.0033779939693919
[H]Austin;[C]San Francisco;directed;474.05;1.0134849519258122
[H]Birmingham;[C]San Francisco;directed;100.05;1.0028460488137907
[H]Boston;[C]San Francisco;directed;93.5;1.0026597257780054
[H]Chicago;[C]San Francisco;directed;368.4;1.010479604027991
[H]Denver;[C]San Francisco;directed;113.14;1.0032184104227115
[H]Detroit;[C]San Francisco;directed;137.45;1.0039099391249928
[H]Florida City;[C]San Francisco;directed;82.28;1.0023405586846448
[H]Fort Worth;[C]San Francisco;directed;287.05;1.0081655003698013
[H]Grapevine;[C]San Francisco;directed;357.18;1.0101604369346304
[H]Grass Valley;[C]San Francisco;directed;111.27;1.0031652159071514
[H]Hanover;[C]San Francisco;directed;368.4;1.010479604027991
[H]Houston;[C]San Francisco;directed;80.41;1.0022873641690846
[H]Huntsville;[C]San Francisco;directed;87.89;1.002500142231325
[H]Las Vegas;[C]San Francisco;directed;3719.35;1.1058016157478523
[H]Laughlin;[C]San Francisco;directed;64.52;1.0018353530181487
[H]Los Angeles;[C]San Francisco;directed;152.41;1.0043354952494739
[H]Mesquite;[C]San Francisco;directed;43.01;1.0012234738578825
[H]Morro Bay;[C]San Francisco;directed;86.02;1.002446947715765
[H]Mountain Home;[C]San Francisco;directed;992.97;1.0282462877624168
[H]Nashville;[C]San Francisco;directed;201.96;1.0057450076804915
[H]National City;[C]San Francisco;directed;81.35;1.0023141036581897
[H]Newport Beach;[C]San Francisco;directed;5688.66;1.161821129885646
[H]Old Greenwich;[C]San Francisco;directed;118.75;1.0033779939693919
[H]Orlando;[C]San Francisco;directed;86.96;1.00247368720487
[H]Philadelphia;[C]San Francisco;directed;103.79;1.002952437844911
[H]Phoenix;[C]San Francisco;directed;4771.55;1.1357327757865392
[H]Primm;[C]San Francisco;directed;138.38;1.0039363941514479
[H]Ruidoso Downs;[C]San Francisco;directed;87.89;1.002500142231325
[H]San Antonio;[C]San Francisco;directed;72.93;1.002074586106844
[H]San Francisco;[C]San Francisco;directed;76.67;1.0021809751379644
[H]South Portland;[C]San Francisco;directed;433.84;1.0123411276099448
[H]Tempe;[C]San Francisco;directed;266.96;1.0075940149058429
[H]Towson;[C]San Francisco;directed;65.45;1.0018618080446038
[H]Tucson;[C]San Francisco;directed;73.87;1.0021013255959492
[H]Virginia Beach;[C]San Francisco;directed;87.89;1.002500142231325
[H]West Palm Beach;[C]San Francisco;directed;185.14;1.0052665415031006
[H]Inglewood;[C]Singapore;directed;94.86;1.0026984126984126
[H]Las Vegas;[C]Singapore;directed;35.34;1.001005291005291
[H]Arlington;[C]Barbados;directed;455.7;1.012962962962963
[H]Grapevine;[C]Barbados;directed;727.26;1.0206878306878306
[H]Austin;[C]Dorset;directed;1272.76;1.036205268248279
[H]Oahu, Honolulu;[C]Dorset;directed;6838.5;1.1945297832394606
[H]Las Vegas;[C]Grapevine;directed;869.7;1.0247397166752006
[H]Miami Beach;[C]Grapevine;directed;183.33;1.0052150537634408
[H]Oahu, Honolulu;[C]Grapevine;directed;271.22;1.0077151959947659
[H]Philadelphia;[C]Grapevine;directed;113.4;1.0032258064516129
[H]Herndon;[C]Hong Kong Sar;directed;69.0;1.0019627922853729
[H]Los Angeles;[C]Hong Kong Sar;directed;320.16;1.0091073562041304
[H]Sterling;[C]Hong Kong Sar;directed;56.12;1.0015964043921033
[H]Sunnyvale;[C]Hong Kong Sar;directed;74.52;1.0021198156682027
[H]Vicksburg;[C]Hong Kong Sar;directed;93.84;1.0026693975081071
[H]Atlanta;[C]Meads Bay;directed;105.73;1.0030076235990215
[H]Baltimore;[C]Meads Bay;directed;61.11;1.0017383512544802
[H]Brooklyn;[C]Meads Bay;directed;129.01;1.0036698526483472
[H]Cheyenne;[C]Meads Bay;directed;75.66;1.002152244410309
[H]Cleveland;[C]Meads Bay;directed;182.36;1.0051874608863856
[H]Dallas;[C]Meads Bay;directed;139.68;1.003973374295955
[H]Las Vegas;[C]Meads Bay;directed;22.63;1.0006437389770724
[H]Miami;[C]Meads Bay;directed;121.25;1.0034491096319054
[H]Naples;[C]Meads Bay;directed;6475.72;1.1842100472208
[H]New Orleans;[C]Meads Bay;directed;114.46;1.0032559594925186
[H]New York;[C]Meads Bay;directed;99.91;1.00284206633669
[H]Portland;[C]Meads Bay;directed;93.12;1.0026489161973033
[H]Primm;[C]Meads Bay;directed;32.98;1.0009381578198782
[H]Richmond;[C]Meads Bay;directed;488.88;1.0139068100358424
[H]Little Rock;[C]Middlesex;directed;78.02;1.0022193775957218
[H]Chicago;[C]Moscow;directed;1133.64;1.032247823860727
[H]Seattle;[C]Moscow;directed;69.56;1.001978722193776
[H]Atlanta;[C]Orlando;directed;102.03;1.0029023724185016
[H]Las Vegas;[C]Orlando;directed;437.47;1.0124443875519145
[H]Miami Beach;[C]Orlando;directed;1614.06;1.0459139784946236
[H]Tucson;[C]Orlando;directed;2110.0;1.060021619161404
[H]Daytona Beach;[C]Port of Spain;directed;516.06;1.0146799795186892
[H]Las Vegas;[C]Port of Spain;directed;258.5;1.007353359503897
[H]Arlington;[C]San Francisco;directed;91.63;1.0026065312624453
[H]Atlanta;[C]San Francisco;directed;94.44;1.0026864652671104
[H]Austin;[C]San Francisco;directed;124.36;1.0035375775160722
[H]Baton Rouge;[C]San Francisco;directed;76.67;1.0021809751379644
[H]Birmingham;[C]San Francisco;directed;108.46;1.0030852819024862
[H]Boulder City;[C]San Francisco;directed;86.96;1.00247368720487
[H]Chicago;[C]San Francisco;directed;170.18;1.0048409853786198
[H]Cocoa Beach;[C]San Francisco;directed;99.11;1.0028193093246858
[H]Fort Lauderdale;[C]San Francisco;directed;1391.36;1.03957899527792
[H]Fort Worth;[C]San Francisco;directed;208.51;1.005931330716277
[H]Houston;[C]San Francisco;directed;80.41;1.0022873641690846
[H]Las Vegas;[C]San Francisco;directed;1037.42;1.029510724241907
[H]Lawndale;[C]San Francisco;directed;77.61;1.0022077146270694
[H]Long Beach;[C]San Francisco;directed;110.33;1.0031384764180462
[H]Mesquite;[C]San Francisco;directed;30.86;1.0008778517380668
[H]Miami Beach;[C]San Francisco;directed;171.11;1.0048674404050748
[H]National City;[C]San Francisco;directed;224.41;1.006383626329863
[H]Orlando;[C]San Francisco;directed;323.51;1.0092026511918986
[H]Palm Desert;[C]San Francisco;directed;261.8;1.007447232178415
[H]Raleigh;[C]San Francisco;directed;77.61;1.0022077146270694
[H]San Rafael;[C]San Francisco;directed;88.83;1.00252688172043
[H]Southern Pines;[C]San Francisco;directed;56.1;1.0015958354668033
[H]Sunrise;[C]San Francisco;directed;83.22;1.0023672981737497
[H]Tempe;[C]San Francisco;directed;66.39;1.001888547533709
[H]West Hollywood;[C]San Francisco;directed;171.11;1.0048674404050748
[H]West Palm Beach;[C]San Francisco;directed;473.12;1.0134584968993572
[H]Weston;[C]San Francisco;directed;75.74;1.0021545201115094
[H]Winter Garden;[C]San Francisco;directed;284.24;1.0080855663651362
[H]Inglewood;[C]Singapore;directed;91.14;1.0025925925925927
[H]Miami Beach;[C]Singapore;directed;365.49;1.0103968253968254
[H]Pasadena;[C]Singapore;directed;73.47;1.0020899470899471
[H]Miami Beach;[C]Brooklyn;directed;20457.54;1.5819406041986688
[H]Las Vegas;[C]Dorset;directed;1989.28;1.0565875860499516
[H]Burlingame;[C]Grapevine;directed;162.54;1.0046236559139785
[H]Denver;[C]Grapevine;directed;469.69;1.0133609262103886
[H]Fort Lauderdale;[C]Grapevine;directed;114.35;1.003252830403368
[H]Las Vegas;[C]Grapevine;directed;438.02;1.0124600329976674
[H]Los Angeles;[C]Grapevine;directed;86.94;1.0024731182795699
[H]Reston;[C]Grapevine;directed;328.86;1.0093548387096773
[H]Fairfax;[C]Hong Kong Sar;directed;298.08;1.008479262672811
[H]Irvine;[C]Hong Kong Sar;directed;111.32;1.0031666382204016
[H]Birmingham;[C]Meads Bay;directed;112.52;1.003200773738408
[H]Cincinnati;[C]Meads Bay;directed;93.12;1.0026489161973033
[H]Jersey City;[C]Meads Bay;directed;124.16;1.003531888263071
[H]Knoxville;[C]Meads Bay;directed;523.8;1.014900153609831
[H]Renton;[C]Meads Bay;directed;574.24;1.0163349832167037
[H]Seaside;[C]Meads Bay;directed;99.91;1.00284206633669
[H]Westminster;[C]Meads Bay;directed;2037.0;1.0579450418160095
[H]Las Vegas;[C]Miami;directed;62.98;1.0017915457700404
[H]Chicago;[C]Moscow;directed;263.2;1.0074870569494225
[H]Dania Beach;[C]Moscow;directed;93.06;1.002647209421403
[H]Grand Canyon;[C]Moscow;directed;1693.88;1.048184559367355
[H]Portland;[C]Moscow;directed;87.42;1.0024867724867725
[H]Miami Beach;[C]Orlando;directed;358.68;1.0102031063321386
[H]Williams;[C]Orlando;directed;86.24;1.002453205894066
[H]Winter Haven;[C]Orlando;directed;274.4;1.007805655117483
[H]Las Vegas;[C]Port of Spain;directed;348.38;1.009910109802583
[H]Baltimore;[C]San Francisco;directed;98.18;1.0027928542982307
[H]Garden Grove;[C]San Francisco;directed;95.37;1.0027129202935654
[H]Hanover;[C]San Francisco;directed;370.28;1.0105330830062014
[H]La Jolla;[C]San Francisco;directed;118.75;1.0033779939693919
[H]Las Vegas;[C]San Francisco;directed;1390.58;1.0395568071912158
[H]Miami Beach;[C]San Francisco;directed;92.57;1.0026332707515504
[H]Mount Charleston;[C]San Francisco;directed;308.55;1.0087770950674178
[H]Newark;[C]San Francisco;directed;102.85;1.002925698355806
[H]North Las Vegas;[C]San Francisco;directed;686.37;1.0195246629117596
[H]Oahu, Honolulu;[C]San Francisco;directed;1013.54;1.028831427433578
[H]Old Greenwich;[C]San Francisco;directed;508.64;1.014468908232349
[H]Orlando;[C]San Francisco;directed;222.54;1.0063304318143027
[H]Primm;[C]San Francisco;directed;57.98;1.0016493144450134
[H]Punta Gorda;[C]San Francisco;directed;463.76;1.0131922398589066
[H]Rancho Mirage;[C]San Francisco;directed;92.57;1.0026332707515504
[H]Ridgecrest;[C]San Francisco;directed;1496.0;1.0425556124480855
[H]Saint Louis;[C]San Francisco;directed;72.0;1.002048131080389
[H]Tempe;[C]San Francisco;directed;597.51;1.0169969278033795
[H]Towson;[C]San Francisco;directed;73.87;1.0021013255959492
[H]Yakima;[C]San Francisco;directed;86.96;1.00247368720487
[H]Grand Canyon;[C]Singapore;directed;98.58;1.0028042328042328
[H]Las Vegas;[C]Singapore;directed;141.36;1.004021164021164
[H]Orange;[C]Singapore;directed;81.84;1.0023280423280423
[H]Pasadena;[C]Singapore;directed;297.6;1.0084656084656085
[H]Rosemont;[C]Singapore;directed;535.68;1.0152380952380953
[H]Mount Laurel;[C]Barbados;directed;119.04;1.0033862433862435
[H]Las Vegas;[C]Coral Gables;directed;46.55;1.0013241736360017
[H]Breckenridge;[C]Dhaka;directed;1370.52;1.0389861751152074
[H]Las Vegas;[C]Dorset;directed;782.08;1.022247254935427
[H]Miami Beach;[C]Dorset;directed;7461.72;1.2122580645161292
[H]New York;[C]Dorset;directed;84.46;1.0024025715423566
[H]Miami;[C]Dublin;directed;71.44;1.0020322011719862
[H]Las Vegas;[C]Grapevine;directed;326.16;1.009278033794163
[H]Miami Beach;[C]Grapevine;directed;1822.95;1.0518561187916027
[H]Milwaukee;[C]Hong Kong Sar;directed;70.84;1.002015133412983
[H]Salt Lake City;[C]Hong Kong Sar;directed;91.08;1.0025908858166923
[H]Las Vegas;[C]Las Vegas;directed;0.0;1.0
[H]Albuquerque;[C]Meads Bay;directed;103.79;1.002952437844911
[H]Brentwood;[C]Meads Bay;directed;99.91;1.00284206633669
[H]Dover;[C]Meads Bay;directed;512.16;1.014569039085168
[H]Forsyth;[C]Meads Bay;directed;152.29;1.004332081697673
[H]Long Beach;[C]Meads Bay;directed;174.6;1.0049667178699437
[H]Los Angeles;[C]Meads Bay;directed;113.49;1.0032283666154633
[H]Naples;[C]Meads Bay;directed;278.39;1.0079191557148546
[H]Paramus;[C]Meads Bay;directed;97.97;1.0027868805825795
[H]Philadelphia;[C]Meads Bay;directed;116.4;1.003311145246629
[H]San Antonio;[C]Meads Bay;directed;99.91;1.00284206633669
[H]St. Louis;[C]Meads Bay;directed;759.51;1.021605222734255
[H]Washington D.C.;[C]Meads Bay;directed;1222.2;1.0347670250896057
[H]San Diego;[C]Montreal;directed;736.02;1.020937019969278
[H]Grand Canyon;[C]Moscow;directed;99.64;1.0028343858451385
[H]Pigeon Forge;[C]Moscow;directed;34.78;1.000989361096888
[H]Seattle;[C]Moscow;directed;62.04;1.0017648062809352
[H]Chattanooga;[C]Orlando;directed;105.84;1.003010752688172
[H]Grand Canyon;[C]Orlando;directed;393.28;1.0111873471013255
[H]Las Vegas;[C]Orlando;directed;231.68;1.0065904306764522
[H]Miami;[C]Orlando;directed;1313.2;1.0373556352050977
[H]Washington D.C.;[C]Orlando;directed;799.68;1.0227479091995222
[H]Arlington;[C]Port of Spain;directed;1108.8;1.0315412186379929
[H]Las Vegas;[C]Port of Spain;directed;1844.32;1.0524640154747682
[H]Billings;[C]San Francisco;directed;86.96;1.00247368720487
[H]Charleston;[C]San Francisco;directed;184.2;1.0052398020139957
[H]Grants Pass;[C]San Francisco;directed;82.28;1.0023405586846448
[H]Las Vegas;[C]San Francisco;directed;418.73;1.011911304545713
[H]Lexington;[C]San Francisco;directed;101.92;1.0028992433293509
[H]Los Angeles;[C]San Francisco;directed;81.35;1.0023141036581897
[H]Minneapolis;[C]San Francisco;directed;75.74;1.0021545201115094
[H]Nashville;[C]San Francisco;directed;69.19;1.001968197075724
[H]Orlando;[C]San Francisco;directed;72.0;1.002048131080389
[H]San Rafael;[C]San Francisco;directed;917.28;1.0260931899641577
[H]Seattle;[C]San Francisco;directed;302.68;1.0086101154918359
[H]Sunnyvale;[C]San Francisco;directed;75.74;1.0021545201115094
[H]Miami;[C]Singapore;directed;66.03;1.0018783068783068
[H]Thousand Oaks;[C]Singapore;directed;93.0;1.0026455026455026
[H]Alexandria;[C]Barbados;directed;103.23;1.002936507936508
[H]Houston;[C]Barbados;directed;79.98;1.0022751322751322
[H]Monterey;[C]Barbados;directed;1269.45;1.0361111111111112
[H]Oahu, Honolulu;[C]Barbados;directed;1682.37;1.0478571428571428
[H]Key Largo;[C]Buenos Aires;directed;1023.0;1.029100529100529
[H]Las Vegas;[C]Coral Gables;directed;36.1;1.001026910166695
[H]Las Vegas;[C]Dhaka;directed;206.37;1.0058704557091653
[H]Las Vegas;[C]Dorset;directed;800.78;1.022779200091028
[H]Maui, Lahaina;[C]Dorset;directed;17789.5;1.5060448313136485
[H]New Orleans;[C]Dorset;directed;1237.98;1.0352159071513911
[H]Los Angeles;[C]Dublin;directed;77.08;1.0021926381066166
[H]Burlingame;[C]Grapevine;directed;81.27;1.0023118279569891
[H]Federal Way;[C]Grapevine;directed;95.45;1.002715195994766
[H]Las Vegas;[C]Grapevine;directed;3062.64;1.087120669056153
[H]Miami;[C]Grapevine;directed;263.66;1.007500142231325
[H]Phoenix;[C]Grapevine;directed;457.38;1.013010752688172
[H]Las Vegas;[C]Guangzhou;directed;90.24;1.0025669909540877
[H]Aurora;[C]Hong Kong Sar;directed;72.68;1.0020674745405929
[H]Golden;[C]Hong Kong Sar;directed;103.96;1.002957273709962
[H]Hammond;[C]Hong Kong Sar;directed;115.0;1.0032713204756216
[H]Huntington Beach;[C]Hong Kong Sar;directed;775.56;1.0220617852875917
[H]Las Vegas;[C]Manila;directed;275.12;1.007826136428287
[H]Atlanta;[C]Meads Bay;directed;97.97;1.0027868805825795
[H]Fernandina Beach;[C]Meads Bay;directed;112.52;1.003200773738408
[H]Hilton Head Island;[C]Meads Bay;directed;2436.64;1.0693133071627696
[H]Hollywood;[C]Meads Bay;directed;214.37;1.0060980258292087
[H]Kenner;[C]Meads Bay;directed;93.12;1.0026489161973033
[H]Las Vegas;[C]Meads Bay;directed;433.64;1.0123354383569438
[H]Pasadena;[C]Meads Bay;directed;173.63;1.0049391249928885
[H]Phoenix;[C]Meads Bay;directed;170.72;1.0048563463617226
[H]St. Louis;[C]Meads Bay;directed;364.72;1.0103749217727713
[H]Grand Canyon;[C]Moscow;directed;99.64;1.0028343858451385
[H]Los Angeles;[C]Moscow;directed;2741.04;1.0779723502304148
[H]Portland;[C]Moscow;directed;87.42;1.0024867724867725
[H]Bentonville;[C]Orlando;directed;64.0;1.0018205609603459
[H]Las Vegas;[C]Orlando;directed;94.08;1.0026762246117085
[H]Scottsdale;[C]Orlando;directed;60.29;1.0017150253171758
[H]Las Vegas;[C]Port of Spain;directed;861.04;1.0244933720202538
[H]Maui Kahului;[C]Port of Spain;directed;142.3;1.0040479035102692
[H]Coldwater;[C]San Francisco;directed;67.32;1.0019150025601637
[H]Hanover;[C]San Francisco;directed;370.28;1.0105330830062014
[H]Humble;[C]San Francisco;directed;77.61;1.0022077146270694
[H]Kansas City;[C]San Francisco;directed;68.26;1.001941742049269
[H]Laguna Beach;[C]San Francisco;directed;63.58;1.0018086135290436
[H]Las Vegas;[C]San Francisco;directed;290.14;1.0082533993286682
[H]Los Angeles;[C]San Francisco;directed;1542.75;1.0438854753370883
[H]Matteson;[C]San Francisco;directed;82.28;1.0023405586846448
[H]Miami Beach;[C]San Francisco;directed;840.59;1.0239116459008932
[H]North Las Vegas;[C]San Francisco;directed;33.66;1.000957501280082
[H]Sunnyvale;[C]San Francisco;directed;79.48;1.0022609091426296
[H]West Hollywood;[C]San Francisco;directed;175.78;1.00500028446265
[H]Weston;[C]San Francisco;directed;92.57;1.0026332707515504
[H]Fort Lee;[C]Singapore;directed;321.78;1.0091534391534391
[H]Pasadena;[C]Singapore;directed;301.32;1.0085714285714287
[H]San Diego;[C]Singapore;directed;81.84;1.0023280423280423
[H]Philadelphia;[C]Barbados;directed;120.9;1.0034391534391534
[H]Boston;[C]Coral Gables;directed;93.1;1.0026483472720031
[H]Las Vegas;[C]Dhaka;directed;1206.96;1.0343335040109234
[H]Austin;[C]Dorset;directed;913.68;1.0259907834101383
[H]Las Vegas;[C]Dorset;directed;5156.28;1.1466769073220686
[H]Burlingame;[C]Grapevine;directed;446.04;1.0126881720430108
[H]Chantilly;[C]Grapevine;directed;52.92;1.001505376344086
[H]Key West;[C]Grapevine;directed;610.48;1.0173658758604995
[H]Lake Buena Vista;[C]Grapevine;directed;1488.42;1.0423399897593446
[H]Las Vegas;[C]Grapevine;directed;631.17;1.0179544290834612
[H]Minneapolis;[C]Grapevine;directed;76.55;1.0021775615861637
[H]Boulder City;[C]Hong Kong Sar;directed;80.04;1.0022768390510326
[H]Killeen;[C]Hong Kong Sar;directed;353.28;1.0100494965011093
[H]Washington D.C.;[C]Hong Kong Sar;directed;320.16;1.0091073562041304
[H]Atlanta;[C]Meads Bay;directed;2634.52;1.074942254082039
[H]Dallas;[C]Meads Bay;directed;322.04;1.0091608351823405
[H]Daytona Beach Shores;[C]Meads Bay;directed;535.44;1.015231268134494
[H]Las Vegas;[C]Meads Bay;directed;325.8;1.0092677931387608
[H]Long Beach;[C]Meads Bay;directed;114.46;1.0032559594925186
[H]Louisville;[C]Meads Bay;directed;166.84;1.0047459748535017
[H]Mesquite;[C]Meads Bay;directed;26.19;1.0007450076804916
[H]New Orleans;[C]Meads Bay;directed;127.07;1.0036146668942367
[H]Phoenix;[C]Meads Bay;directed;647.96;1.018432041872902
[H]Pittsburgh;[C]Meads Bay;directed;111.55;1.0031731808613529
[H]Punta Gorda;[C]Meads Bay;directed;120.28;1.0034215167548501
[H]San Antonio;[C]Meads Bay;directed;550.96;1.0156727541673778
[H]Seattle;[C]Meads Bay;directed;168.78;1.0048011606076122
[H]St. Louis;[C]Meads Bay;directed;840.99;1.0239230244068953
[H]West Fargo;[C]Meads Bay;directed;120.28;1.0034215167548501
[H]Los Angeles;[C]Moscow;directed;80.84;1.002299596063037
[H]New York;[C]Moscow;directed;64.86;1.0018450247482507
[H]Orlando;[C]New York City;directed;3132.18;1.0890988223246287
[H]Branson;[C]Orlando;directed;185.52;1.0052773510838027
[H]Gatlinburg;[C]Orlando;directed;786.56;1.0223746942026513
[H]Grand Canyon;[C]Orlando;directed;393.28;1.0111873471013255
[H]Las Vegas;[C]Orlando;directed;1791.13;1.0509509586391308
[H]Miami Beach;[C]Orlando;directed;1911.6;1.0543778801843318
[H]Monument Valley;[C]Orlando;directed;180.32;1.0051294305057745
[H]Las Vegas;[C]Port of Spain;directed;583.0;1.016584172498151
[H]San Francisco;[C]Port of Spain;directed;143.82;1.0040911418330773
[H]Austin;[C]San Francisco;directed;858.33;1.024416282642089
[H]Bowling Green;[C]San Francisco;directed;325.38;1.0092558457074585
[H]Hauppauge;[C]San Francisco;directed;118.75;1.0033779939693919
[H]Huntington Beach;[C]San Francisco;directed;85.09;1.0024204926893099
[H]Laguna Beach;[C]San Francisco;directed;57.97;1.0016490299823633
[H]Las Vegas;[C]San Francisco;directed;1684.89;1.0479288274449565
[H]Los Angeles;[C]San Francisco;directed;66.39;1.001888547533709
[H]Mesquite;[C]San Francisco;directed;431.05;1.0122617625305796
[H]Newburgh;[C]San Francisco;directed;100.98;1.0028725038402457
[H]North Las Vegas;[C]San Francisco;directed;33.66;1.000957501280082
[H]North Myrtle Beach;[C]San Francisco;directed;48.62;1.0013830574045628
[H]Sarasota;[C]San Francisco;directed;2524.56;1.0718143027820448
[H]Southern Pines;[C]San Francisco;directed;56.1;1.0015958354668033
[H]Albert Lea;[C]Singapore;directed;65.1;1.0018518518518518
[H]Grand Canyon;[C]Singapore;directed;394.32;1.0112169312169312
[H]Las Vegas;[C]Singapore;directed;35.34;1.001005291005291
[H]Los Angeles;[C]Singapore;directed;80.91;1.0023015873015872
[H]Huntington Beach;[C]Aventura;directed;251.1;1.0071428571428571
[H]Las Vegas;[C]Aventura;directed;1801.41;1.0512433862433863
[H]Long Beach;[C]Aventura;directed;206.46;1.0058730158730158
[H]San Luis Obispo;[C]Aventura;directed;569.16;1.016190476190476
[H]Boston;[C]Barbados;directed;101.37;1.002883597883598
[H]Key West;[C]Barbados;directed;1833.03;1.052142857142857
[H]Nashville;[C]Barbados;directed;985.8;1.028042328042328
[H]Oahu, Honolulu;[C]Barbados;directed;632.4;1.017989417989418
[H]Orlando;[C]Barbados;directed;109.74;1.003121693121693
[H]Wichita;[C]Barbados;directed;513.36;1.0146031746031745
[H]Las Vegas;[C]Coral Gables;directed;188.1;1.0053507424475165
[H]Las Vegas;[C]Dhaka;directed;1055.16;1.0300153609831029
[H]Mckinney;[C]Dhaka;directed;319.6;1.0090914262957273
[H]Irvine;[C]Dorset;directed;1009.56;1.0287182112988564
[H]Key Biscayne;[C]Dorset;directed;2192.08;1.0623564885930477
[H]Las Vegas;[C]Dorset;directed;7185.44;1.2043989304204359
[H]Miami;[C]Dorset;directed;838.48;1.0238516242817317
[H]Chicago;[C]Glattbrugg;directed;497.64;1.0141559993172897
[H]Aurora;[C]Grapevine;directed;202.23;1.005752688172043
[H]Fort Lauderdale;[C]Grapevine;directed;138.92;1.003951755134551
[H]Grand Rapids;[C]Grapevine;directed;73.71;1.0020967741935485
[H]Grapevine;[C]Grapevine;directed;704.98;1.0200540479035103
[H]Irving;[C]Grapevine;directed;72.77;1.0020700347044433
[H]Las Vegas;[C]Grapevine;directed;1385.97;1.0394256699095408
[H]Miami;[C]Grapevine;directed;11529.0;1.327956989247312
[H]Orlando;[C]Grapevine;directed;517.88;1.014731751720999
[H]Tallahassee;[C]Grapevine;directed;393.12;1.0111827956989248
[H]Tucson;[C]Grapevine;directed;570.78;1.0162365591397848
[H]Anderson;[C]Hong Kong Sar;directed;360.64;1.0102588610115493
[H]Austin;[C]Hong Kong Sar;directed;239.2;1.0068043465892929
[H]Hickory;[C]Hong Kong Sar;directed;82.8;1.0023553507424474
[H]Laurel;[C]Hong Kong Sar;directed;78.2;1.0022244979234227
[H]Palmdale;[C]Hong Kong Sar;directed;84.64;1.0024076918700575
[H]Renton;[C]Hong Kong Sar;directed;145.36;1.0041349490811857
[H]Reston;[C]Hong Kong Sar;directed;261.28;1.007432440120612
[H]Saint Louis;[C]Hong Kong Sar;directed;89.24;1.0025385446890824
[H]San Antonio;[C]Hong Kong Sar;directed;71.76;1.002041303976788
[H]Las Vegas;[C]Manila;directed;679.62;1.0193326506229732
[H]Albuquerque;[C]Meads Bay;directed;91.18;1.0025937304431929
[H]Atlanta;[C]Meads Bay;directed;1649.97;1.0469354838709677
[H]Big Island , Kailua-Kona;[C]Meads Bay;directed;200.79;1.0057117255504353
[H]Brooklyn;[C]Meads Bay;directed;1224.14;1.0348222108437162
[H]Cincinnati;[C]Meads Bay;directed;99.91;1.00284206633669
[H]Dallas;[C]Meads Bay;directed;285.18;1.0081123058542414
[H]Detroit;[C]Meads Bay;directed;450.08;1.0128030949536326
[H]Fargo;[C]Meads Bay;directed;98.94;1.0028144734596347
[H]Fort Myers;[C]Meads Bay;directed;502.46;1.0142931103146158
[H]Gatlinburg;[C]Meads Bay;directed;663.48;1.018873527905786
[H]Huntsville;[C]Meads Bay;directed;208.55;1.0059324685668771
[H]Incline Village;[C]Meads Bay;directed;1078.64;1.03068327928543
[H]Langhorne;[C]Meads Bay;directed;356.96;1.0101541787563293
[H]Las Vegas;[C]Meads Bay;directed;680.94;1.0193701996927804
[H]Long Beach;[C]Meads Bay;directed;108.64;1.0030904022301872
[H]Memphis;[C]Meads Bay;directed;77.6;1.0022074301644195
[H]Mesquite;[C]Meads Bay;directed;97.0;1.0027592877055242
[H]Miami;[C]Meads Bay;directed;84.39;1.002400580303806
[H]Minneapolis;[C]Meads Bay;directed;310.4;1.0088297206576777
[H]Nashville;[C]Meads Bay;directed;655.72;1.018652784889344
[H]New York;[C]Meads Bay;directed;214.37;1.0060980258292087
[H]Palm Springs;[C]Meads Bay;directed;434.56;1.0123616089207488
[H]Philadelphia;[C]Meads Bay;directed;465.6;1.0132445809865165
[H]Phoenix;[C]Meads Bay;directed;550.96;1.0156727541673778
[H]Renton;[C]Meads Bay;directed;132.89;1.0037802241565683
[H]Springfield;[C]Meads Bay;directed;415.16;1.0118097513796438
[H]St. Louis;[C]Meads Bay;directed;808.98;1.0230124594640724
[H]St. Pete Beach;[C]Meads Bay;directed;946.72;1.0269306480059168
[H]Tucson;[C]Meads Bay;directed;1272.64;1.0362018546964784
[H]Waco;[C]Meads Bay;directed;89.24;1.0025385446890824
[H]El Segundo;[C]Middlesex;directed;2350.0;1.0668487227627013
[H]San Francisco;[C]Middlesex;directed;590.32;1.0167923991579906
[H]Desert Hot Springs;[C]Montreal;directed;2251.3;1.064041076406668
[H]Chattanooga;[C]Moscow;directed;77.08;1.0021926381066166
[H]New York;[C]Moscow;directed;259.44;1.0073800989930022
[H]Las Vegas;[C]New York City;directed;108.6;1.003089264379587
[H]Cincinnati;[C]Orlando;directed;89.04;1.0025328554360813
[H]El Portal;[C]Orlando;directed;266.56;1.0075826363998408
[H]Fort Worth;[C]Orlando;directed;441.48;1.012558457074586
[H]Kissimmee;[C]Orlando;directed;259.72;1.0073880639472037
[H]Las Vegas;[C]Orlando;directed;1366.99;1.0388857597997383
[H]Monument Valley;[C]Orlando;directed;90.16;1.0025647152528874
[H]New York;[C]Orlando;directed;107.8;1.0030665073675826
[H]Pigeon Forge;[C]Orlando;directed;441.48;1.012558457074586
[H]Raleigh;[C]Orlando;directed;307.92;1.0087591739204642
[H]Sedona;[C]Orlando;directed;544.88;1.0154998008761449
[H]Sparks;[C]Orlando;directed;139.13;1.003957728850202
[H]Fort Lauderdale;[C]Port of Spain;directed;579.04;1.0164715252887295
[H]Kissimmee;[C]Port of Spain;directed;263.2;1.0074870569494225
[H]Las Vegas;[C]Port of Spain;directed;2573.55;1.0732078853046596
[H]Austin;[C]San Francisco;directed;441.32;1.0125539056721853
[H]Casper;[C]San Francisco;directed;92.57;1.0026332707515504
[H]Dallas;[C]San Francisco;directed;131.84;1.0037503555783125
[H]Fallon;[C]San Francisco;directed;285.76;1.0081288046879444
[H]Hanover;[C]San Francisco;directed;407.68;1.0115969733174035
[H]Huntington Beach;[C]San Francisco;directed;374.0;1.0106389031120213
[H]Incline Village;[C]San Francisco;directed;287.98;1.0081919553962564
[H]Las Vegas;[C]San Francisco;directed;9004.99;1.25615833191102
[H]Los Angeles;[C]San Francisco;directed;207.57;1.0059045912271718
[H]Moriarty;[C]San Francisco;directed;103.79;1.002952437844911
[H]National City;[C]San Francisco;directed;88.83;1.00252688172043
[H]North Las Vegas;[C]San Francisco;directed;398.34;1.011331285202253
[H]San Diego;[C]San Francisco;directed;89.76;1.002553336746885
[H]St. George;[C]San Francisco;directed;68.26;1.001941742049269
[H]Treasure Island;[C]San Francisco;directed;160.82;1.0045747283381692
[H]Boca Raton;[C]Singapore;directed;84.63;1.0024074074074074
[H]Fort Lee;[C]Singapore;directed;84.63;1.0024074074074074
[H]Las Vegas;[C]Singapore;directed;85.56;1.0024338624338625
[H]Oahu, Honolulu;[C]Singapore;directed;140616.0;5.0
[H]Petaluma;[C]Singapore;directed;91.14;1.0025925925925927
[H]Rosemont;[C]Singapore;directed;45.57;1.0012962962962964
[H]Arroyo Grande;[C]Aventura;directed;106.02;1.003015873015873
[H]Colorado Springs;[C]Aventura;directed;412.92;1.0117460317460318
[H]El Paso;[C]Aventura;directed;110.67;1.0031481481481481
[H]Las Vegas;[C]Aventura;directed;54.87;1.0015608465608465
[H]Orlando;[C]Aventura;directed;65.1;1.0018518518518518
[H]Texarkana;[C]Aventura;directed;80.91;1.0023015873015872
[H]Houston;[C]Barbados;directed;1360.68;1.0387062638675542
[H]Newark;[C]Barbados;directed;143.22;1.0040740740740741
[H]Olathe;[C]Barbados;directed;71.61;1.002037037037037
[H]Las Vegas;[C]Coral Gables;directed;42.54;1.00121010411333
[H]Las Vegas;[C]Denver;directed;768.0;1.0218467315241508
[H]Las Vegas;[C]Dhaka;directed;148.44;1.0042225635774022
[H]Oahu, Honolulu;[C]Dhaka;directed;251.92;1.0071661830801615
[H]Las Vegas;[C]Dorset;directed;1252.42;1.035626671218069
[H]Oahu, Honolulu;[C]Dorset;directed;38140.5;2.0849547704386415
[H]Burlingame;[C]Grapevine;directed;81.27;1.0023118279569891
[H]Detroit;[C]Grapevine;directed;141.75;1.0040322580645162
[H]Fort Lauderdale;[C]Grapevine;directed;584.02;1.0166131876884565
[H]Las Vegas;[C]Grapevine;directed;383.74;1.010915969733174
[H]Naples;[C]Grapevine;directed;1118.88;1.0318279569892472
[H]Orlando;[C]Grapevine;directed;115.29;1.003279569892473
[H]Philadelphia;[C]Grapevine;directed;113.4;1.0032258064516129
[H]Seattle;[C]Grapevine;directed;396.92;1.0112908915059453
[H]West Palm Beach;[C]Grapevine;directed;93.56;1.0026614325539056
[H]Cincinnati;[C]Hong Kong Sar;directed;88.32;1.0025123741252773
[H]Elkhart;[C]Hong Kong Sar;directed;56.12;1.0015964043921033
[H]Fort Myers;[C]Hong Kong Sar;directed;171.12;1.004867724867725
[H]Las Vegas;[C]Hong Kong Sar;directed;135.75;1.0038615804744837
[H]Orlando;[C]Hong Kong Sar;directed;148.12;1.0042134607726005
[H]San Antonio;[C]Hong Kong Sar;directed;71.76;1.002041303976788
[H]Tuscaloosa;[C]Hong Kong Sar;directed;496.8;1.0141321044546852
[H]Las Vegas;[C]Las Vegas;directed;75.2;1.0021391591284063
[H]Arlington;[C]Meads Bay;directed;162.96;1.0046356033452808
[H]Atlanta;[C]Meads Bay;directed;97.97;1.0027868805825795
[H]Austin;[C]Meads Bay;directed;227.95;1.006484326107982
[H]Brooklyn;[C]Meads Bay;directed;531.56;1.015120896626273
[H]Chapel Hill;[C]Meads Bay;directed;87.3;1.0024833589349718
[H]Chicago;[C]Meads Bay;directed;156.17;1.004442453205894
[H]Cocoa Beach;[C]Meads Bay;directed;119.31;1.003393923877795
[H]Dedham;[C]Meads Bay;directed;100.88;1.0028696592137452
[H]Denver;[C]Meads Bay;directed;189.15;1.0053806110257724
[H]Fort Wayne;[C]Meads Bay;directed;125.13;1.0035594811401263
[H]Humble;[C]Meads Bay;directed;94.09;1.0026765090743586
[H]Jersey City;[C]Meads Bay;directed;152.29;1.004332081697673
[H]Las Vegas;[C]Meads Bay;directed;177.31;1.0050438072481083
[H]Lumberton;[C]Meads Bay;directed;91.18;1.0025937304431929
[H]Mesquite;[C]Meads Bay;directed;575.21;1.016362576093759
[H]Miami Beach;[C]Meads Bay;directed;113.49;1.0032283666154633
[H]Nashville;[C]Meads Bay;directed;457.84;1.0130238379700744
[H]Old Greenwich;[C]Meads Bay;directed;115.43;1.0032835523695738
[H]Orlando;[C]Meads Bay;directed;106.7;1.0030352164760767
[H]Paramus;[C]Meads Bay;directed;88.27;1.002510951812027
[H]Rancho Mirage;[C]Meads Bay;directed;291.0;1.0082778631165727
[H]Rutherford;[C]Meads Bay;directed;112.52;1.003200773738408
[H]San Antonio;[C]Meads Bay;directed;211.46;1.0060152471980428
[H]Toledo;[C]Meads Bay;directed;166.84;1.0047459748535017
[H]Uniondale;[C]Meads Bay;directed;121.25;1.0034491096319054
[H]Waterbury;[C]Meads Bay;directed;71.78;1.002041872902088
[H]West Palm Beach;[C]Meads Bay;directed;96.03;1.002731694828469
[H]Williams;[C]Meads Bay;directed;576.18;1.0163901689708141
[H]Wilmington;[C]Meads Bay;directed;120.28;1.0034215167548501
[H]Raleigh;[C]Middlesex;directed;79.9;1.0022728565739318
[H]Fort Lauderdale;[C]Moscow;directed;576.22;1.0163913068214143
[H]Grand Canyon;[C]Moscow;directed;398.56;1.011337543380554
[H]Lake Buena Vista;[C]Moscow;directed;141.0;1.0040109233657621
[H]New York;[C]Moscow;directed;77.08;1.0021926381066166
[H]Arlington;[C]Orlando;directed;465.61;1.0132448654491666
[H]Atlanta;[C]Orlando;directed;155.82;1.0044324970131422
[H]Bridgeton;[C]Orlando;directed;79.77;1.0022691585594812
[H]Las Vegas;[C]Orlando;directed;463.19;1.0131760254878535
[H]Miami Beach;[C]Orlando;directed;2634.24;1.0749342891278375
[H]Palm Springs;[C]Orlando;directed;103.88;1.0029549980087615
[H]Pismo Beach;[C]Orlando;directed;813.4;1.0231381919553963
[H]Portland;[C]Orlando;directed;177.38;1.0050457984866588
[H]Saint Louis;[C]Orlando;directed;140.98;1.004010354440462
[H]Las Vegas;[C]Port of Spain;directed;8716.16;1.247942197189509
[H]Maui Kahului;[C]Port of Spain;directed;569.2;1.0161916140410765
[H]Austin;[C]San Francisco;directed;119.68;1.003404448995847
[H]Charlotte;[C]San Francisco;directed;598.42;1.0170228139045343
[H]Cranbury;[C]San Francisco;directed;78.54;1.0022341696535244
[H]Denver;[C]San Francisco;directed;90.7;1.0025800762359902
[H]East Hartford;[C]San Francisco;directed;76.67;1.0021809751379644
[H]Fort Worth;[C]San Francisco;directed;148.67;1.0042291062183535
[H]Fredericksburg;[C]San Francisco;directed;75.74;1.0021545201115094
[H]Hauppauge;[C]San Francisco;directed;128.1;1.0036439665471923
[H]Incline Village;[C]San Francisco;directed;283.31;1.0080591113386812
[H]Key West;[C]San Francisco;directed;165.5;1.0047078568583945
[H]Las Vegas;[C]San Francisco;directed;2224.29;1.0632727427888717
[H]Mesquite;[C]San Francisco;directed;53.3;1.001516185924788
[H]Miami;[C]San Francisco;directed;811.6;1.0230869886783864
[H]Nashville;[C]San Francisco;directed;105.66;1.003005632360471
[H]Oahu, Honolulu;[C]San Francisco;directed;215.99;1.0061441087785175
[H]Oakbrook;[C]San Francisco;directed;172.04;1.0048938954315298
[H]Orlando;[C]San Francisco;directed;1624.14;1.0462007168458782
[H]Philadelphia;[C]San Francisco;directed;218.8;1.0062240427831826
[H]Tulsa;[C]San Francisco;directed;233.76;1.0066495989076634
[H]Pensacola;[C]Shanghai;directed;114.68;1.00326221767082
[H]Grand Canyon;[C]Singapore;directed;394.32;1.0112169312169312
[H]Las Vegas;[C]Singapore;directed;93.0;1.0026455026455026
[H]Orange;[C]Singapore;directed;90.21;1.0025661375661377
[H]Chantilly;[C]Aventura;directed;2276.64;1.0647619047619048
[H]Las Vegas;[C]Aventura;directed;699.36;1.0198941798941799
[H]Miami;[C]Aventura;directed;1383.84;1.0393650793650793
[H]New York;[C]Aventura;directed;96.72;1.0027513227513227
[H]Park City;[C]Aventura;directed;1088.1;1.0309523809523808
[H]Charleston;[C]Barbados;directed;85.56;1.0024338624338625
[H]Las Vegas;[C]Dorset;directed;349.05;1.0099291688001366
[H]Bangor;[C]Grapevine;directed;2409.75;1.0685483870967742
[H]Las Vegas;[C]Grapevine;directed;1443.98;1.0410758377425045
[H]Vienna;[C]Grapevine;directed;79.38;1.002258064516129
[H]Boulder City;[C]Hong Kong Sar;directed;80.04;1.0022768390510326
[H]Overland Park;[C]Hong Kong Sar;directed;290.72;1.0082698981623712
[H]Anchorage;[C]Meads Bay;directed;81.48;1.0023178016726404
[H]Austin;[C]Meads Bay;directed;1698.47;1.04831512772373
[H]Boston;[C]Meads Bay;directed;112.52;1.003200773738408
[H]Charleston;[C]Meads Bay;directed;95.06;1.0027041019514138
[H]Dallas;[C]Meads Bay;directed;10890.19;1.3097852306992093
[H]Fort Lauderdale;[C]Meads Bay;directed;2071.92;1.0589383853899983
[H]Houston;[C]Meads Bay;directed;153.26;1.0043596745747283
[H]Lakewood;[C]Meads Bay;directed;341.44;1.0097126927234454
[H]Las Vegas;[C]Meads Bay;directed;225.39;1.0064115036695682
[H]Miami Beach;[C]Meads Bay;directed;1389.04;1.0395129999431074
[H]Petaluma;[C]Meads Bay;directed;121.25;1.0034491096319054
[H]Primm;[C]Meads Bay;directed;32.98;1.0009381578198782
[H]Rochester;[C]Meads Bay;directed;123.19;1.0035042953860158
[H]San Rafael;[C]Meads Bay;directed;105.73;1.0030076235990215
[H]Tucson;[C]Meads Bay;directed;98.94;1.0028144734596347
[H]Yonkers;[C]Meads Bay;directed;3736.44;1.1062877624167946
[H]Sedona;[C]Montevideo;directed;338.4;1.0096262160778289
[H]Atlantic City;[C]Orlando;directed;64.0;1.0018205609603459
[H]Joplin;[C]Orlando;directed;89.04;1.0025328554360813
[H]Miami Beach;[C]Orlando;directed;236.18;1.0067184388689765
[H]Sunnyvale;[C]Orlando;directed;66.78;1.001899641577061
[H]Burbank;[C]Plymouth;directed;182.28;1.0051851851851852
[H]Las Vegas;[C]Port of Spain;directed;128.52;1.0036559139784946
[H]Atlanta;[C]San Francisco;directed;335.67;1.0095485577743641
[H]Baton Rouge;[C]San Francisco;directed;76.67;1.0021809751379644
[H]Bloomington;[C]San Francisco;directed;250.6;1.0071286340103545
[H]Duck Key;[C]San Francisco;directed;11119.02;1.3162945895203961
[H]Fort Lauderdale;[C]San Francisco;directed;115.01;1.0032716049382715
[H]Glendale;[C]San Francisco;directed;205.7;1.0058513967116118
[H]Hanover;[C]San Francisco;directed;370.28;1.0105330830062014
[H]Kansas City;[C]San Francisco;directed;68.26;1.001941742049269
[H]Las Vegas;[C]San Francisco;directed;18634.17;1.5300725379757638
[H]Mesquite;[C]San Francisco;directed;28.99;1.0008246572225066
[H]Mount Charleston;[C]San Francisco;directed;129.97;1.0036971610627525
[H]Nashville;[C]San Francisco;directed;639.56;1.0181930932468566
[H]Oahu, Honolulu;[C]San Francisco;directed;215.99;1.0061441087785175
[H]Oakbrook;[C]San Francisco;directed;151.88;1.004320418729021
[H]Orlando;[C]San Francisco;directed;93.5;1.0026597257780054
[H]Phoenix;[C]San Francisco;directed;121.56;1.003457927974057
[H]Rancho Mirage;[C]San Francisco;directed;115.94;1.0032980599647265
[H]San Francisco;[C]San Francisco;directed;86.02;1.002446947715765
[H]Miami;[C]Singapore;directed;75.33;1.0021428571428572
[H]Tempe;[C]Singapore;directed;66.03;1.0018783068783068
[H]Scottsdale;[C]Windsor;directed;676.8;1.019252432155658
